Item Id,SKU,Type,Brand,Handmade,MPN,Model,Custom Bundle,Bundle Description,Modified Item,Modification Description,Country/Region of Manufacture,California Prop 65 Warning,
"255463268856","ZX9MNTR008","Easels","Time2Play","","TI1588663","","","","","","","",
"265623436794","ZX9WYBN841","Easels","Made4Fun","","MA1640408","","","","","","","",
"265623437609","ZX9SPRCH78118","Easels","FunForever","","FU525465","","","","","","","",
"255463271686","ZX9WYBN871","Easels","Made4Fun","","MA145217","","","","","","","",
"265621908198","ZX9SPRCH27003","Easels","Strategy Agon","","ST811653","","","","","","","",
"265623439122","SPRCH24137","Easels","Business Source","","BSN36586","","","","","","","",
"255463270487","SPRCH24047","Easels","Business Source","","BSN38589","","","","","","","",
"265621908284","ZX9STDSGN031","Easels","GreatGames","","GR130078","","","","","","","",
"255464798632","ZX9SPRCH26918","Easels","Made4Fun","","MA861560","","","","","","","",
"255463266691","ZX9SPRCH24137","Easels","Toys4.0","","TO811650","","","","","","","",
"255463272040","ESSEN20888","Easels","FLIPSIDE","","FLP17306","","","","","","","",
"255464797962","SPRCH78117","Easels","Flipside Products","","FLP17315","","","","","","","",
"255464798768","SPRCH78118","Easels","Flipside Products","","FLP17385","","","","","","","",
"265621908575","SPRCH26918","Easels","Lorell","","LLR75684","","","","","","","",
"265621908428","MNTR028","Easels","Manta Ray","","S10744","","","","","","","",
"255464797809","MNTR002","Easels","Manta Ray","","S13518","","","","","","","",
"255464799724","MNTR031","Easels","Manta Ray","","S13744","","","","","","","",
"265623441233","MNTR033","Easels","Manta Ray","","S6002","","","","","","","",
"265623436677","MNTR034","Easels","Manta Ray","","S6004","","","","","","","",
"255463269594","MNTR008","Easels","Manta Ray","","S8424","","","","","","","",
"265621908130","MNTR023","Easels","Manta Ray","","S8618","","","","","","","",
"255463270853","MNTR018","Easels","Manta Ray","","S9018","","","","","","","",
"255464798897","MNTR019","Easels","Manta Ray","","S9224","","","","","","","",
"265621909132","ZX9TRPR003","Easels","EndGame","","EN843537","","","","","","","",
"255464798969","SPRCH66035","Easels","Nib - Nish","","NSN6421219","","","","","","","",
"265621904468","ZX9AZRICE30227","Easels","Last Action Figurines","","LA711590","","","","","","","",
"265623438088","ZX9ATSP8309","Easels","Fantoccini Fun Toys","","FA1258699","","","","","","","",
"255464801068","AZRQRT120TE","Easels","Quartet","","120TE","","","","","","","",
"255464799271","AZRQRT300TE","Easels","Quartet","","300TE","","","","","","","",
"265623437945","SPRCH26849","Easels","Quartet","","QRT101EL","","","","","","","",
"255464798697","SPRCH24267","Easels","Quartet","","QRT156366","","","","","","","",
"265621908984","SPRCH29257","Easels","Quartet","","QRT200E","","","","","","","",
"265621908356","SPRCH25551","Easels","Quartet","","QRT21E","","","","","","","",
"255464801286","SPRCH26196","Easels","Quartet","","QRT67E","","","","","","","",
"255464800752","SPRCH27773","Easels","Quartet","","QRTEU500E","","","","","","","",
"255464799198","SPRCH66118","Easels","Skilcraft","","NSN6422441","","","","","","","",
"265621908938","ATSP8309","Easels","Studio RTA","","13153","","","","","","","",
"255463265852","ZX9SPRCH24267","Easels","Tons-of-Fun","","TO811651","","","","","","","",
"265623441506","ZX9SPRCH21241","Easels","Made4Fun","","MA127287","","","","","","","",
"255464801232","TRPR1239","Easels","Tripar International","","20506","","","","","","","",
"255463270430","ZX9AZRQRT67E","Easels","Tons-of-Fun","","TO40992","","","","","","","",
"265621905086","ZX9SPRCH26849","Easels","Tons-of-Fun","","TO1189967","","","","","","","",
"255464799358","AZERTY16017","Easels","Universal","","43030","","","","","","","",
"265621908683","AZERTY16014","Easels","Universal","","43031","","","","","","","",
"255464799792","ZX9MNTR033","Easels","Time2Play","","TI2108950","","","","","","","",
"265621908894","ZX9MNTR034","Easels","Time2Play","","TI2108951","","","","","","","",
"265623436907","WYBN841","Easels","Wayborn Furniture","","4530B","","","","","","","",
"265623439318","WYBN871","Easels","Wayborn Furniture","","5593B","","","","","","","",
