Item Id,SKU,Type,Brand,Model,MPN,Material,Custom Bundle,Bundle Description,Modified Item,Modification Description,Country/Region of Manufacture,California Prop 65 Warning,
"265603710463","ZX9WDLNK021","Bird","Fancy Feline","","FA598527","","","","","","","",
"265603694226","ZX9WDLNK002","Bird","Fancy Feline","","FA142291","","","","","","","",
"265619934378","ZX9WDLNK002","Bird","Fancy Feline","","FA142291","","","","","","","",
"265603695750","ZX9BFG5142","Bird","Partisanpartidista","","PA1690155","","","","","","","",
"255444560094","ZX9TRVAL18881","Bird","FlyFree","","FL2158067","","","","","","","",
"265603704522","ZX9BCI42389","Bird","Reincarnation","","RE45078","","","","","","","",
"255444560430","GC6349","Bird","Songbird Essentials","","SEBQSBF3C","","","","","","","",
"255444543260","ZX9PRNC5713","Bird","Wooerpretendiente","","WO1886508","Metal","","","","","","",
"265603692629","ZX9ACHR149986","Bird","CatLady","","CA1651321","","","","","","","",
"255444593480","ZX9BCI1507159","Bird","PetPride","","PE197111","","","","","","","",
"265603654947","ZX9WDLNK142","Bird","Fancy Feline","","FA142314","","","","","","","",
"255444556179","ZX9GC41728","Bird","No Sweat My Pet","","NO1772626","","","","","","","",
"255444586524","ZX9GC41723","Bird","No Sweat My Pet","","NO2097367","","","","","","","",
"255444587383","ZX9GC41720","Bird","No Sweat My Pet","","NO1770595","Plastic","","","","","","",
"265603707940","ZX9ACHR149992","Bird","CatLady","","CA1649128","","","","","","","",
"265603705948","ZX9PRNC5986","Bird","Enthusiastentusiasta","","EN1851551","","","","","","","",
"255444593636","ZX9BCI1507156","Bird","PetPride","","PE1688755","","","","","","","",
"265603697581","ZX9ACHR149979","Bird","CatLady","","CA1651012","Metal","","","","","","",
"255444555709","GC7500","Bird","Heath","","HEATH30008","","","","","","","",
"265603693341","CCRP2778","Bird","Akerue Industries","","AKE74240","","","","","","","",
"255444582674","CCRP4627","Bird","Allied Precision Industries","","API7WW","","","","","","","",
"265619896446","PRNC5150","Bird","AMERICAS FAVORITE","","2800780","","","","","","","",
"265603658136","PRNC5150","Bird","AMERICAS FAVORITE","","2800780","","","","","","","",
"265603697280","ZX9CCRP4627","Bird","PetPurifiers","","PE50860","","","","","","","",
"265603712123","GC438","Bird","Arundale","","AR150","","","","","","","",
"255444590090","CCRP4628","Bird","Arundale Products","","APR154","","","","","","","",
"255444543095","CCRP0151","Bird","Arundale","","APR362","","","","","","","",
"255444539732","GC7276","Bird","Aspects","","ASPECTS420","","","","","","","",
"255444561894","GC18090","Bird","Aspects","","ASPECTS439","","","","","","","",
"265603713068","BCI36914","Bird","Aspects Inc","","179107","","","","","","","",
"255444550843","BCI20930","Bird","Aspects","","179080","","","","","","","",
"255461379586","GC478","Bird","Aspects","","ASPECTS402","","","","","","","",
"265603695143","GC478","Bird","Aspects","","ASPECTS402","","","","","","","",
"255444571309","ZX9GC4887","Bird","Fancy Feline","","FA72468","","","","","","","",
"265603694757","BC991011","Bird","Audubon/woodlink","","991011","","","","","","","",
"255461377310","ZX9BCI38358","Bird","FeedingTime","","FE45029","","","","","","","",
"265603692149","ZX9BCI38358","Bird","FeedingTime","","FE45029","","","","","","","",
"255444544744","ZX9BCI1000535","Bird","No Sweat My Pet","","NO192971","","","","","","","",
"265603662506","ZX9WDLNK124","Bird","Fancy Feline","","FA142311","","","","","","","",
"255444560811","ZX9CVCVP051","Bird","PetPride","","PE57190","","","","","","","",
"265603664634","ZX9BCI25970","Bird","Reincarnation","","RE620817","","","","","","","",
"265603710250","ZX9BCI25975","Bird","Reincarnation","","RE44941","","","","","","","",
"265619977428","ZX9WDLNK004","Bird","Fancy Feline","","FA142292","","","","","","","",
"265603713929","ZX9WDLNK004","Bird","Fancy Feline","","FA142292","","","","","","","",
"255444569179","ZX9JNSN40979","Bird","Fancy Feline","","FA649036","","","","","","","",
"265603689376","BCI20984","Bird","CENTURY TOOL AND MFG","","301036","","","","","","","",
"265603665173","BCI20995","Bird","CENTURY TOOL AND MFG","","301087","","","","","","","",
"255444579737","GC1016","Bird","Chuck-A-Nut Products","","CK108","","","","","","","",
"265603670840","BCI1515499","Bird","Classic Amiga Workbench","","17 - 2PK","","","","","","","",
"265603682045","GC39515","Bird","Classic Brands","","CLASSIC406","","","","","","","",
"255444552477","GC10139","Bird","Coles Wild Bird Products Co","","COLESGCCB10","","","","","","","",
"255444579563","GC10199","Bird","Coles Wild Bird Products Co","","COLESGCCB20","","","","","","","",
"265619936414","GC10199","Bird","Coles Wild Bird Products Co","","COLESGCCB20","","","","","","","",
"255444585905","GC10145","Bird","Coles Wild Bird Products Co","","COLESGCNB10","","","","","","","",
"255444550908","GC10205","Bird","Coles Wild Bird Products Co","","COLESGCNB20","","","","","","","",
"255444580202","GC10150","Bird","Coles Wild Bird Products Co","","CWBSM10","","","","","","","",
"265619931666","ZX9WDLNK023","Bird","Fancy Feline","","FA142294","","","","","","","",
"265603690988","ZX9WDLNK023","Bird","Fancy Feline","","FA142294","","","","","","","",
"255444540723","ZX9WDLNK024","Bird","Fancy Feline","","FA609367","","","","","","","",
"265603700830","CVCVP051","Bird","Coveside","","20700","","","","","","","",
"255444593842","CVCVP053","Bird","Coveside","","20905","","","","","","","",
"255444572323","CVCVP054","Bird","Coveside","","20910","","","","","","","",
"265603683395","CVCVP055","Bird","Coveside","","21000","","","","","","","",
"255444558737","ZX9TRVAL110773","Bird","PetPride","","PE697382","","","","","","","",
"255444554430","ZX9CCRP2862","Bird","Peticare","","PE709382","Metal","","","","","","",
"265603664741","CCRP0211","Bird","Droll Yankees","","DROB72","","","","","","","",
"265603703530","ZX9CCRP0211","Bird","Reincarnation","","RE50804","","","","","","","",
"255444597504","GC1267","Bird","Droll Yankees Inc","","DYA6F","","","","","","","",
"255444605253","GC1270","Bird","Droll Yankees Inc","","DYYCPT","","","","","","","",
"255444583442","GC1269","Bird","Droll Yankees Inc","","DYYCPW","","","","","","","",
"265603710356","BCI42389","Bird","Droll Yankees","","344482","","","","","","","",
"255444558435","BCI25970","Bird","Droll Yankees","","344461","","","","","","","",
"265603685527","BCI25975","Bird","Droll Yankees","","344466","","","","","","","",
"265603684009","CCRP4924","Bird","Droll Yankees Incorporated","","DROCC18SMB","","","","","","","",
"265731199212","CCRP4932","Bird","Droll Yankees Incorporated","","DROFLIPPERMB","","","","","","","",
"265603651116","BCI344533","Bird","Droll Yankees","","344533","","","","","","","",
"265603681355","SSCH307","Bird","Esschert Design","","FB381","","","","","","","",
"265603693538","SSCH354","Bird","Esschert Design","","FB400","Metal","","","","","","",
"265603688941","SSCH374","Bird","Esschert Design","","FB409","","","","","","","",
"265603708078","SSCH409","Bird","Esschert Design","","FB418","","","","","","","",
"265603704228","ZX9ORGL61760","Bird","DaretoCare","","DA435349","","","","","","","",
"265603676626","BFG5137","Bird","Friends Of Flight","","FOFFFTALL116A","","","","","","","",
"265603711358","DAHD95989","Bird","Gardman USA","","BA09714","","","","","","","",
"265603675326","GC22801","Bird","Gift Essentials","","GE207","","","","","","","",
"255444589261","GC22805","Bird","Gift Essentials","","GE211","","","","","","","",
"265603698044","GC22815","Bird","Gift Essentials","","GE221","","","","","","","",
"255444578258","ZX9WDLNK068","Bird","Fancy Feline","","FA142303","","","","","","","",
"265619934937","ZX9WDLNK068","Bird","Fancy Feline","","FA142303","","","","","","","",
"265619919649","ZX9WDLNK202","Bird","Fancy Feline","","FA142317","","","","","","","",
"255444554368","ZX9WDLNK202","Bird","Fancy Feline","","FA142317","","","","","","","",
"265603702411","TRVAL18881","Bird","Harris Farms","","186930","","","","","","","",
"265603673640","JNSN56129","Bird","Harris Farms Llc Pet","","4212","Metal","","","","","","",
"255444561969","TRVAL115625","Bird","Harvest Lane Honey","","202573","","","","","","","",
"265603686102","WLLCH17431","Bird","Heath","","21815","","","","","","","",
"265603691561","HRZND10031","Bird","Heath Manufacturing","","378680300","","","","","","","",
"255461353514","GC2445","Bird","Heritage Farms","","HF75160","","","","","","","",
"255444552853","GC2445","Bird","Heritage Farms","","HF75160","","","","","","","",
"265603704333","GC10984","Bird","Hiatt Manufacturing","","HIATT38069","","","","","","","",
"265603701935","GC7531","Bird","Hiatt Manufacturing","","HIATT38198","","","","","","","",
"255444588651","GC6750","Bird","Hiatt Manufacturing","","HIATT38199","","","","","","","",
"265603707508","GC8097","Bird","Hiatt Manufacturing","","HIATT50147","","","","","","","",
"265603701308","ZX9WDLNK056","Bird","Fancy Feline","","FA142299","","","","","","","",
"265603676715","ZX9TRVAL115625","Bird","PamperedPets","","PA833951","","","","","","","",
"265603686531","ORGL75666","Bird","Lebanon Seaboard","","8702342","","","","","","Lebanon","",
"265603689305","ZX9GC438","Bird","PetPurifiers","","PE301582","","","","","","","",
"255444573200","BCI1000535","Bird","Miller Mfg","","052840","","","","","","","",
"265603685419","BCI18395","Bird","MILLER","","464242","","","","","","","",
"255444577834","ZX9CCRP2792","Bird","DaretoCare","","DA50833","","","","","","","",
"265603668127","CCRP0306","Bird","Nature Products","","NPI431","","","","","","","",
"255444585598","PRNC7074","Bird","NATURES SELECT","","6153","","","","","","","",
"265603687206","PRNC5986","Bird","NATURES SELECT INGREDIENTS","","080900","","","","","","","",
"265603677432","TRVAL110773","Bird","Natures Way Bird Products","","228120","","","","","","","",
"255444575362","BCI1507156","Bird","Natures Way Bird Products","","66176","","","","","","","",
"255444560329","BCI1507159","Bird","Natures Way Bird Products","","66180","","","","","","","",
"255444604373","JNSN86732","Bird","Natures Way Bird Products","","CWF5","","","","","","","",
"265597106396","BCI1000590","Bird","North States Industries","","061039","","","","","","","",
"255444575265","WSPR038","Bird","Nuttery","","RNMJ01R","","","","","","","",
"255444541209","PRNC5713","Bird","PANACEA AUDUBON","","026706","Metal","","","","","","",
"265603664023","TRVAL88670_1","Bird","Pennzoil-Quaker State","","421701","","","","","","","",
"265603695324","GC41720","Bird","Perky Pet","","PP273B","Plastic","","","","","","",
"265603657204","GC3481","Bird","Perky Pet","","PP50153","Wood","","","","","","",
"255444586935","GC41728","Bird","Perky Pet","","PP9109","","","","","","","",
"265603688724","GC41723","Bird","Perky Pet","","PP9110","","","","","","","",
"265603699714","ACHR149992","Bird","Perky-Pet","","8039814","","","","","","","",
"255444587485","ACHR149986","Bird","Perky-Pet","","8041118","","","","","","","",
"255444588526","PRNC5147","Bird","PRINCE WILD BIRD SEED","","0016830","","","","","","","",
"265619978213","ZX9WDLNK054","Bird","Fancy Feline","","FA142297","","","","","","","",
"265603714818","ZX9WDLNK054","Bird","Fancy Feline","","FA142297","","","","","","","",
"255444599661","REDC2163","Bird","Red Carpet Studios","","40057","","","","","","","",
"265603713380","ZX9CCRP0151","Bird","PetPurifiers","","PE886585","","","","","","","",
"255444556017","GC23625","Bird","Songbird Essentials","","SE4003","","","","","","","",
"255461375613","GC6659","Bird","Songbird Essentials","","SERUBSPF100","","","","","","","",
"265603691181","GC6659","Bird","Songbird Essentials","","SERUBSPF100","","","","","","","",
"255444555212","GC6814","Bird","Songbird Essentials","","SERUBSPF400H","","","","","","","",
"265603707659","GC6671","Bird","Songbird Essentials","","SERUBTF105","","","","","","","",
"265603699392","GC43217","Bird","Songbird Essentials","","SESQR89","Metal","","","","","","",
"265603709256","ZX9TRVAL125706","Bird","DaretoCare","","DA2038627","","","","","","","",
"255444551879","CCRP3702","Bird","Stovall Products","","SP1SH","","","","","","","",
"265603697081","CCRP4605","Bird","Stovall Products","","SP14FH","","","","","","","",
"265603702859","SWM32168","Bird","Summerfield Terrace","","10018695","","","","","","","",
"265603710060","ZX9BCI1000133","Bird","PartyAnimal","","PA9818","","","","","","","",
"265603679835","ACHR137516","Bird","Sweet-Nectar","","8000388","","","","","","","",
"255444574225","ZX9BCI20995","Bird","No Sweat My Pet","","NO44872","","","","","","","",
"265603703929","ZX9WDLNK057","Bird","Fancy Feline","","FA142300","","","","","","","",
"265603672045","ACHR149896","Bird","Woodlink","","8041133","Plastic","","","","","","",
"255444558030","ACHR149897","Bird","Woodlink","","8041134","Plastic","","","","","","",
"255461388534","WDLNK002","Bird","Woodlink","","24359","","","","","","","",
"255444589625","WDLNK002","Bird","Woodlink","","24359","","","","","","","",
"255444568396","WDLNK003","Bird","Woodlink","","24360","","","","","","","",
"265603677578","GC4888","Bird","Woodlink","","24573","Metal","","","","","","",
"265603694409","WDLNK021","Bird","Woodlink","","24521","","","","","","","",
"255576380160","WDLNK027","Bird","Woodlink","","24355","Wood","","","","","","",
"255444543816","WDLNK200","Bird","Woodlink","","COPSUN","","","","","","","",
"255444593372","WDLNK201","Bird","Woodlink","","COPTHISTLE","","","","","","","",
"265603660620","WDLNK041","Bird","Woodlink","","24425","","","","","","","",
"255444575670","WDLNK043","Bird","Woodlink","","24436","","","","","","","",
"265603691342","WDLNK052","Bird","Woodlink","","24421","","","","","","","",
"255444591594","WDLNK053","Bird","Woodlink","","24426","","","","","","","",
"255461389675","WDLNK053","Bird","Woodlink","","24426","","","","","","","",
"255444587266","WDLNK054","Bird","Woodlink","","24419","","","","","","","",
"265619940840","WDLNK054","Bird","Woodlink","","24419","","","","","","","",
"265603698891","WDLNK202","Bird","Woodlink","","24710","","","","","","","",
"265619939487","WDLNK202","Bird","Woodlink","","24710","","","","","","","",
"255444545923","WDLNK068","Bird","Woodlink","","24412","","","","","","","",
"265603679110","JNSN39422","Bird","Woodlink","","24515","","","","","","","",
"265603700576","WDLNK089","Bird","Woodlink","","24377","","","","","","","",
"255444592736","WDLNK091","Bird","Woodlink","","24363","","","","","","","",
"255444592416","GC41525","Bird","Woodlink","","WL24459","","","","","","","",
"265603686225","GC42683","Bird","Woodlink","","WL24865","","","","","","","",
"255444539233","GC42455","Bird","Woodlink","","WL25436","","","","","","","",
"255444592316","WDLNK229","Bird","Woodlink","","24615","","","","","","","",
"255444544168","WDLNK120","Bird","Woodlink","","24617","","","","","","","",
"255444538891","WDLNK127","Bird","Woodlink","","24911","","","","","","","",
"255444603006","ACHR161820","Bird","Woodstream","","8386385","","","","","","","",
"265603675162","WDSC181","Bird","Woodstream Corporation","","337","","","","","","","",
"255444558650","ORGL61760","Bird","Woodstream","","5886692","","","","","","","",
"255444593760","BC683874","Bird","Woodstream Wildbird","","683874","","","","","","","",
"255444554195","ZX9TRVAL125654","Bird","Reincarnation","","RE2179025","","","","","","","",
"255444590234","ZNPT1571","Bird","Zenport Industries","","Z38002","","","","","","","",
