Item Id,SKU,Brand,MPN,Model,Custom Bundle,Bundle Description,Modified Item,Modification Description,Expiration Date,California Prop 65 Warning,Country/Region of Manufacture,
"265731221181","ZX9JCKS11320","Fienddemonio","FI1803137","","","","","","","","",
"265612099769","ZX9TRVAL49269","DaretoCare","DA962280","","","","","","","","",
"265612094889","ZX9TRVAL72804","DaretoCare","DA1233055","","","","","","","","",
"265612095964","ZX9TRVAL49734","DaretoCare","DA136976","","","","","","","","",
"265731226022","JCKS2189","3M","1410-BK","","","","","","","","",
"265731220320","JCKS2190","3M","1410-FO","","","","","","","","",
"265612086125","JCKS2194","3M","1410-RE","","","","","","","","",
"255453200645","JCKS2196","3M","1410-RY","","","","","","","","",
"255453193605","JCKS2197","3M","1410-WH","","","","","","","","",
"265612092315","JCKS2200","3M","1710-GD","","","","","","","","",
"265612103057","JCKS2201","3M","1710-LG","","","","","","","","",
"265612104581","JCKS2203","3M","1710-OR","","","","","","","","",
"255453218054","JCKS2205","3M","1710-RE","","","","","","","","",
"255453200383","JCKS2209","3M","1710-RY","","","","","","","","",
"265612103768","JCKS2215","3M","1710-WH","","","","","","","","",
"265612097435","JCKS7446","3M Products","2684","","","","","","","","",
"255453193259","ZX9JCKS11359","Fienddemonio","FI1806435","","","","","","","","",
"265612102099","TRVAL61135","ADM Alliance Nutrition","197974","","","","","","","","",
"255453205172","TRVAL3462","Apex Tools Group","776724","","","","","","","","",
"265612092124","ACHR149847","AQUAPAW","7009700","","","","","","","","",
"255453226730","BCI1503868","BICKMORE","083390","","","","","","","","",
"255453206730","BCI11252","CHARMAR LAND & CATTLE","411914","","","","","","","","",
"255453201588","JCKS11189","CLICK HORSE PRODUCTS","4275-S/M","","","","","","","","",
"265612088232","TRVAL53862","Compass Minerals","147270","","","","","","","","",
"255453193888","JCKS2730","DECKER","3276","","","","","","","","",
"255453206837","TRVAL63663","Decker Mfg","156721","","","","","","","","",
"265597111606","JCKS3474","Diamond Farrier","3825","","","","","","","","",
"265612085722","BCI11815","DURVET ANIMED","001013","","","","","","","","",
"255453212986","BCI1503444","Durvet Fly","699761","","","","","","","","",
"255453220563","BCI1503445","Durvet Fly","699762","","","","","","","","",
"255453215814","BCI1503446","Durvet Fly","699763","","","","","","","","",
"255453193205","JCKS4317","Equiade","2049","","","","","","","","",
"255453216053","JCKS4716","Equiade","617","","","","","","","","",
"265612086019","JCKS2156","Equine Extreme","3632","","","","","","","","",
"255453193462","JCKS2979","Equine Management","1385","","","","","","","","",
"255453193328","JCKS2980","Equine Management","1386","","","","","","","","",
"255453213287","JCKS2981","Equine Management","1387","","","","","","","","",
"255453194404","JCKS2983","Equine Management","1388","","","","","","","","",
"255453201320","JCKS2984","Equine Management","1389","","","","","","","","",
"255453200118","JCKS2985","Equine Management","1390","","","","","","","","",
"255453193064","JCKS5960","Equine Management","2033-L","","","","","","","","",
"265731216420","JCKS4529","Equine Management","2033-M","","","","","","","","",
"255453199117","JCKS4530","Equine Management","2034","","","","","","","","",
"255453216688","BCI11420","EXHIBITOR LABS","196746","","","","","","","","",
"265612107687","BC207353","Farnam Companies Inc","207353","","","","","","","","",
"265612108015","TRVAL14355","Farnam Home & Garden","828543","","","","","","","","",
"265612104882","TRVAL64493","Farnam Home & Garden","155072","","","","","","","","",
"265612085127","TRVAL64490","Farnam Home & Garden","828634","","","","","","","","",
"265612108258","TRVAL14280","Farnam Home & Garden","149234","","","","","","","","",
"265612097316","BC015750","Finish Line","129081","","","","","","","","",
"255453217071","BC016030","Finish Line","129085","","","","","","","","",
"265612102624","BCI1503233","Finish Line","029065","","","","","","","","",
"265612105391","BCI1503234","Finish Line","029069","","","","","","","","",
"265612099661","BCI1503236","Finish Line","129110","","","","","","","","",
"255453220518","JCKS11221","Finish Line","4413","","","","","","","","",
"255453189017","BCI24132","Finish Line","029116","","","","","","","","",
"265612100594","BCI38218","Finish Line","029119","","","","","","","","",
"265612108967","BCI11984","FINISH LINE HORSE PRODUCTS INC","029054","","","","","","","","",
"255453214870","BCI12006","FINISH LINE HORSE PRODUCTS INC","029095","","","","","","","","",
"265612101227","BCI12004","FINISH LINE HORSE PRODUCTS INC","029092","","","","","","","","",
"265612105922","BCI11988","FINISH LINE HORSE PRODUCTS INC","029059","","","","","","","","",
"265612096171","BCI11997","FINISH LINE HORSE PRODUCTS INC","029079","","","","","","","","",
"265612094125","BCI11994","FINISH LINE HORSE PRODUCTS INC","029072","","","","","","","","",
"255453188172","BCI12013","FINISH LINE HORSE PRODUCTS INC","029107","","","","","","","","",
"255453217996","BCI12014","FINISH LINE HORSE PRODUCTS INC","029108","","","","","","","","",
"255453218110","BCI12009","FINISH LINE HORSE PRODUCTS INC","029098","","","","","","","","",
"255453212249","QSTRN2078","Giddyap Girls Biscuit","GGSB","","","","","","","","",
"255453217265","TRVAL69618","Gordons","145342","","","","","","","","",
"255453221459","BCI12746","HOBART LABORATORIES","197564","","","","","","","","",
"255453214694","QSTRN4389","Hock Shield","CHHSAR","","","","","","","","",
"265612082641","BCI12859","HORSEMEN S PRIDE","038504","","","","","","","","",
"255453217705","BCI12839","HORSEMEN S PRIDE","038315","","","","","","","","",
"255453227906","BCI24194","HORSEMEN S PRIDE","055024","","","","","","","","",
"265612091448","BCI24195","HORSEMEN S PRIDE","055028","","","","","","","","",
"265612091588","JCKS1891","Horsemens Pride","1157-BU","","","","","","","","",
"255453221888","JCKS1885","Horsemens Pride","4228-BK","","","","","","","","",
"265612106312","JCKS1882","Horsemens Pride","4228-RE","","","","","","","","",
"265612107194","JCKS1883","Horsemens Pride","4228-RY","","","","","","","","",
"255453194715","JCKS3188","Jacks","10275-BK-S","","","","","","","","",
"265612108743","JCKS3839","Jacks","1032","","","","","","","","",
"255453205278","JCKS1261","Jacks","1035-4-1/2","","","","","","","","",
"265612086924","JCKS2950","Jacks","1035-4-1/4","","","","","","","","",
"255453217543","JCKS2949","Jacks","1035-4-3/4","","","","","","","","",
"255453217023","JCKS3387","Jacks","10372","","","","","","","","",
"255831500528","JCKS3389","Jacks","10374","","","","","","","","",
"265612093421","JCKS3476","Jacks","10418-BK","","","","","","","","",
"255453221990","JCKS4473","Jacks","10432","","","","","","","","",
"255453217432","JCKS4475","Jacks","10434","","","","","","","","",
"255453205993","JCKS4478","Jacks","10437","","","","","","","","",
"265612099506","JCKS4537","Jacks","10485","","","","","","","","",
"255461964450","JCKS11480","Jacks","10522-RE-NV-72","","","","","","","","",
"265612085947","JCKS6024","Jacks","10644-28","","","","","","","","",
"255453215747","JCKS6178","Jacks","11120-Y","","","","","","","","",
"255453194963","JCKS6669","Jacks","1274","","","","","","","","",
"265612100772","JCKS6671","Jacks","1282","","","","","","","","",
"255453198344","JCKS6804","Jacks","1285-BK","","","","","","","","",
"255453197663","JCKS7296","Jacks","1285-GN","","","","","","","","",
"265612102881","JCKS6810","Jacks","1285-RE","","","","","","","","",
"265612085190","JCKS7290","Jacks","1285-RY","","","","","","","","",
"255453217797","JCKS1127","Jacks","1305-RE","","","","","","","","",
"265612088069","JCKS1128","Jacks","1305-RY","","","","","","","","",
"255453219330","JCKS7950","Jacks","1335-5","","","","","","","","",
"265612092857","JCKS1138","Jacks","1405-RE","","","","","","","","",
"255453215332","JCKS1139","Jacks","1405-RY","","","","","","","","",
"255453194093","JCKS11157","Jacks","1633-BK-80","","","","","","","","",
"255453216486","JCKS8142","Jacks","1665","","","","","","","","",
"265612101583","JCKS6312","Jacks","1813","","","","","","","","",
"255453194644","JCKS2172","Jacks","1918-NAT-NV-80","","","","","","","","",
"255453215093","JCKS7337","Jacks","1952-FO-GY","","","","","","","","",
"255453212373","JCKS7354","Jacks","1952-NV-GY","","","","","","","","",
"255453220131","JCKS7364","Jacks","1952-RY-BK","","","","","","","","",
"255453205080","JCKS1340","Jacks","20119-5-1/2","","","","","","","","",
"265612083624","JCKS6025","Jacks","20119-5-1/4","","","","","","","","",
"265612083066","JCKS8240","Jacks","221376","","","","","","","","",
"265612102961","JCKS7980","Jacks","2229-W","","","","","","","","",
"266017826015","JCKS3209","Jacks","25572","","","","","","","","",
"255453212870","JCKS3749","Jacks","2783","","","","","","","","",
"255453200512","JCKS6369","Jacks","3441","","","","","","","","",
"255453197893","JCKS6371","Jacks","3443-BK","","","","","","","","",
"255453228037","JCKS6373","Jacks","3443-FO","","","","","","","","",
"255453194808","JCKS8403","Jacks","3606","","","","","","","","",
"255576414204","JCKS6179","Jacks","3720","","","","","","","","",
"265731217413","JCKS11297","Jacks","4294-76","","","","","","","","",
"255576415109","JCKS11298","Jacks","4294-78","","","","","","","","",
"265731216918","JCKS11299","Jacks","4294-80","","","","","","","","",
"265731226501","JCKS11300","Jacks","4294-82","","","","","","","","",
"265731225945","JCKS11301","Jacks","4294-84","","","","","","","","",
"255576412419","JCKS11306","Jacks","4295-76","","","","","","","","",
"265731222633","JCKS11307","Jacks","4295-78","","","","","","","","",
"255576400356","JCKS11308","Jacks","4295-80","","","","","","","","",
"265731217877","JCKS11309","Jacks","4295-82","","","","","","","","",
"255576413080","JCKS11310","Jacks","4295-84","","","","","","","","",
"255576409707","JCKS11314","Jacks","4296-76","","","","","","","","",
"255576415188","JCKS11315","Jacks","4296-78","","","","","","","","",
"255576414314","JCKS11316","Jacks","4296-80","","","","","","","","",
"265731227023","JCKS11317","Jacks","4296-82","","","","","","","","",
"265731218256","JCKS11318","Jacks","4296-84","","","","","","","","",
"265731227944","JCKS11321","Jacks","4297-76","","","","","","","","",
"265731225696","JCKS11322","Jacks","4297-78","","","","","","","","",
"265731226854","JCKS11323","Jacks","4297-80","","","","","","","","",
"265731226599","JCKS11324","Jacks","4297-82","","","","","","","","",
"265731219834","JCKS11325","Jacks","4297-84","","","","","","","","",
"255576414077","JCKS11329","Jacks","4298-76","","","","","","","","",
"255576414736","JCKS11330","Jacks","4298-78","","","","","","","","",
"265731227186","JCKS11333","Jacks","4298-80","","","","","","","","",
"265731216529","JCKS11334","Jacks","4298-82","","","","","","","","",
"265731225441","JCKS11336","Jacks","4298-84","","","","","","","","",
"255453192996","JCKS11347","Jacks","4299-RB-72","","","","","","","","",
"265620562106","JCKS10765","Jacks","4302-78","","","","","","","","",
"265620565357","JCKS10766","Jacks","4302-80","","","","","","","","",
"265620557997","JCKS10769","Jacks","4302-86","","","","","","","","",
"255576413034","JCKS11393","Jacks","4303-72","","","","","","","","",
"265731216845","JCKS11394","Jacks","4303-74","","","","","","","","",
"265731226093","JCKS11400","Jacks","4303-76","","","","","","","","",
"265731220744","JCKS11401","Jacks","4303-78","","","","","","","","",
"255576400625","JCKS11403","Jacks","4303-80","","","","","","","","",
"265731223020","JCKS11404","Jacks","4303-82","","","","","","","","",
"265731223914","JCKS11407","Jacks","4303-84","","","","","","","","",
"255576406817","JCKS11411","Jacks","4304-72","","","","","","","","",
"265731224385","JCKS11422","Jacks","4304-74","","","","","","","","",
"255576415312","JCKS11423","Jacks","4304-76","","","","","","","","",
"255576409194","JCKS11430","Jacks","4304-78","","","","","","","","",
"265731225839","JCKS11431","Jacks","4304-80","","","","","","","","",
"265731219013","JCKS11432","Jacks","4304-82","","","","","","","","",
"255576414423","JCKS11434","Jacks","4304-84","","","","","","","","",
"265612082763","JCKS11608","Jacks","453-BK-OR","","","","","","","","",
"265612094368","JCKS11610","Jacks","453-BK-TU","","","","","","","","",
"265612095593","JCKS11611","Jacks","453-GN-RE","","","","","","","","",
"255453196223","JCKS11612","Jacks","453-NP-PU","","","","","","","","",
"265612088558","JCKS11613","Jacks","453-NP-RY","","","","","","","","",
"265612096565","JCKS11636","Jacks","453-RE-TU","","","","","","","","",
"265612102003","JCKS11614","Jacks","453-TU-BK","","","","","","","","",
"265612085302","JCKS11615","Jacks","453-TU-NP","","","","","","","","",
"265612086269","JCKS11616","Jacks","453-TU-RE","","","","","","","","",
"255453205607","JCKS6609","Jacks","506","","","","","","","","",
"265612108867","JCKS6619","Jacks","682","","","","","","","","",
"265612096682","JCKS1287","Jacks","775","","","","","","","","",
"255453195747","JCKS6637","Jacks","796","","","","","","","","",
"265612099859","JCKS3715","Jacks","823-4-3/4","","","","","","","","",
"255453218718","JCKS6838","Jacks","9700-H","","","","","","","","",
"265612108522","JCKS7040","Jacks","EHL099","","","","","","","","",
"265612084147","JCKS7041","Jacks","EHL100","","","","","","","","",
"265731227678","JCKS11320","JACKS HERITAGE COLLECTION","4297-74","","","","","","","","",
"255461971617","JCKS5234","Jacks Imports","10522-NV-GY-82","","","","","","","","",
"255461972515","JCKS5222","Jacks Imports","10522-RE-NV-74","","","","","","","","",
"255437767585","JCKS5089","Jacks Imports","122-5-1/2","","","","","","","","",
"255453200738","JCKS5788","Jacks Imports","20119-5-3/4","","","","","","","","",
"265612087467","JCKS4773","Jacks Imports","20153-5","","","","","","","","",
"265612085383","JCKS5322","Jacks Imports","3894-RY","","","","","","","","",
"255453217372","BCI24186","Keeper Corporation","051643055063","","","","","","","","",
"265612088784","ZX9JCKS6584","Bugbicho","BU1808755","","","","","","","","",
"255453216960","ZX9JCKS6583","Bugbicho","BU1801421","","","","","","","","",
"255453216568","BCI12095","MAJESTY S ANIMAL NUTRITION","016022","","","","","","","","",
"265612107796","TRVAL29093","MANNA PRO","155450","","","","","","","","",
"255453199700","TRVAL29052","MANNA PRO","155880","","","","","","","","",
"265612092405","BC011828","Manna Pro-equine","667671","","","","","","","","",
"255453201467","ZX9BC000769","Beloved","BE9744","","","","","","","","",
"265612102704","ZX9BC000771","Beloved","BE43200","","","","","","","","",
"255453194025","ZX9JCKS6178","No Sweat My Pet","NO1793416","","","","","","","","",
"265612097695","BC013788","Miller Mfg Co Inc","957480","","","","","","","","",
"255453195476","BC011055","Neogen Squire","580244","","","","","","","","",
"255453214283","JCKS7257","Numotizine","426","","","","","","","","",
"265612085042","JCKS7258","Numotizine","517","","","","","","","","",
"255453215900","ZX9BCI12746","Rooterhincha","RO44609","","","","","","","","",
"255453219215","JCKS6232","Ogilvie","3410-14","","","","","","","","",
"255453192845","JCKS6231","Ogilvie","3410-20","","","","","","","","",
"265612099334","PRKLD025","ProKold","DK-107","","","","","","","","",
"255453222488","PRKLD026","ProKold","DK-108","","","","","","","","",
"255453195969","BCI12193","Richdel","075331","","","","","","","","",
"255453222154","JCKS6585","Shoofly Leggins","3331-BL-L","","","","","","","","",
"265612105514","JCKS6583","Shoofly Leggins","3331-BL-S","","","","","","","","",
"255453198821","JCKS6582","Shoofly Leggins","3331-BL-Y","","","","","","","","",
"265612095663","JCKS6580","Shoofly Leggins","3331-OR-MI","","","","","","","","",
"255453204979","JCKS11235","Shoofly Leggins","3331-PK-L","","","","","","","","",
"265612102470","JCKS7743","Space Technology Safety","3532-4-1/2","","","","","","","","",
"255453206983","JCKS7156","Space Technology Safety","3532-4-3/4","","","","","","","","",
"265612084338","JCKS4372","Spectra","40315","","","","","","","","",
"265612092007","JCKS4373","Spectra","40321","","","","","","","","",
"265612088152","JCKS4376","Spectra","40341","","","","","","","","",
"265612108456","ZX9STPR1614","Beloved","BE533387","","","","","","","","",
"265612098701","STPR1613","St.Pierre Sports","ES2","","","","","","","","",
"255453190617","JCKS11212","Texas Haynet","3706","","","","","","","","",
"255453217483","ZX9JCKS11636","No Sweat My Pet","NO1793410","","","","","","","","",
"265612097182","ZX9JCKS2205","PetPurifiers","PE1806443","","","","","","","","",
"265612096961","ZX9JCKS2209","PetPurifiers","PE1808752","","","","","","","","",
"265612098912","BCI12303","VITA-FLEX NUTRITION","3000097","2008453","","","","","","","",
"265612108596","TRVAL96459","Weaver Leather","154656","","","","","","","","",
"255453222883","TRVAL101196","Weaver Leather","154657","","","","","","","","",
"265612106038","TRVAL49779","Weaver Leather","154648","","","","","","","","",
"265612089278","TRVAL72804","Weaver Leather","154650","","","","","","","","",
"255453201761","TRVAL49665","Weaver Leather","154658","","","","","","","","",
"255453205497","TRVAL49680","Weaver Leather","154766","","","","","","","","",
"255437764677","TRVAL49686","Weaver Leather","154769","","","","","","","","",
"265612090142","JCKS4322","Worlds Best Hoof Oil","264","","","","","","","","",
