Item Id,SKU,Brand,Model,MPN,Custom Bundle,Bundle Description,Modified Item,Modification Description,Country/Region of Manufacture,California Prop 65 Warning,
"255444572282","ZX9YMLG211","Peticare","","PE20075","","","","","","",
"265603691282","ACHR154888","41269","","9076310","","","","","","",
"255444551020","ACHR154889","41270","","9076308","","","","","","",
"255444587144","ZX9ZNPT1326","PersonaGrata","","PE2052658","","","","","","",
"255444584741","ZX9BC338642","Peticare","","PE43846","","","","","","",
"255444579626","DAHD103487","Gardman USA","","BA08015","","","","","","",
"255444545826","OMHC1629","Old Modern Handicrafts","","AJ089","","","","","","",
"265603670960","KSAO429148","Rackem","","RKM-RA8","","","","","","",
"265603679393","ZX9ZNPT1321","PersonaGrata","","PE2055515","","","","","","",
"265603663435","GC4170","Songbird Essentials","","SESQ84","","","","","","",
"255461402087","ZX9JNSN73922","Reincarnation","","RE85676","","","","","","",
"255444605148","ZX9JNSN73922","Reincarnation","","RE85676","","","","","","",
"265603661274","GC41536","Woodlink","","WL28902","","","","","","",
"255444567078","YMLG2170","YML","","T2424BLK","","","","","","",
"265603672817","YMLG2169","YML","","T2424WHT","","","","","","",
"255576388404","YMLG2175","YML","","T2474WHT","","","","","","",
"265603683828","ZNPT1321","Zenport Industries","","MV145-14CB-12PK","","","","","","",
"265603693016","ZNPT1326","Zenport Industries","","MV160-14CB-5PK","","","","","","",
"255576393832","ZNPT1332","Zenport Industries","","MV20-417-12PK","","","","","","",
"265731201531","ZNPT1335","Zenport Industries","","MV32/36-417-12PK","","","","","","",
