Item Id,SKU,Brand,MPN,Model,Custom Bundle,Bundle Description,Modified Item,Modification Description,California Prop 65 Warning,Country/Region of Manufacture,
"265735746495","BAZC3459","Bazic Products","3198","","","","","","","",
"265735875764","SPRCH25744","Business Source","BSN65806","","","","","","","",
"265735948753","ZX9AZRQUA24532B","The Workstation","TH193548","","","","","","","",
"255581015621","ZX9AZERTY15056","SuiteX","SU884256","","","","","","","",
"255580946434","ZX9SPRCH25384","The Workstation","TH1620590","","","","","","","",
"255581214073","ZX9SPRCH26038","The Workstation","TH840616","","","","","","","",
"255581202015","AZRQUA24532B","Quality Park","24532B","","","","","","","",
"265735810040","RTL155173","Quality Park","QUA36426","","","","","","","",
"265735788293","AZERTY14467","Quality Park","54301","","","","","","","",
"255581274865","AZRQUA89606","Quality Park","89606","","","","","","","",
"265735868792","SPRCH24416","Quality Park Products","QUA43862","","","","","","","",
"255581032515","SPRCH25308","Quality Park Products","QUA46393","","","","","","","",
"265735632444","SPRCH25384","Quality Park Products","QUAR4200","","","","","","","",
"265735850964","SPRCH26038","Quality Park Products","QUAR4440","","","","","","","",
"265735650268","SPRCH27139","Quality Park Products","QUAR4492","","","","","","","",
"265735843244","SPRCH26039","Quality Park Products","QUAR4497","","","","","","","",
"255581248517","SPRCH25703","Quality Park Products","QUAR4630","","","","","","","",
"265735704036","SPRCH25715","Quality Park Products","QUAS3715","","","","","","","",
"255581267614","NEW1801","Quality Park™","QUA-69122B","","","","","","","",
"255581158359","SPRCH50361","Quality Park","QUAR4210","","","","","","","",
"265735792931","RTL155917","Quality Park","QUA63262","","","","","","","",
"265735857150","AZERTY15058","Sealed Air","55839","","","","","","","",
"255581153776","AZRSEL69566","Sealed Air","69566","","","","","","","",
"255581156698","SPRCH24012","Sealed Air Corporation","SEL39260","","","","","","","",
"255581227515","SSN51937","Tops Products","R4290","","","","","","","",
"265735860512","SSN51939","Tops Products","R4450","","","","","","","",
"265735770642","SSN51941","Tops Products","R4510","","","","","","","",
